Cluster,Age,Sleep Duration,Quality of Sleep,Physical Activity Level,Stress Level,Systolic,Diastolic,Heart Rate,Daily Steps,Gender,Occupation,BMI Category,Sleep Disorder
0,34.2578125,7.18046875,6.6609375,47.046875,6.015625,118.2890625,68.953125,84.296875,11939.5625,Male,Student,Overweight,Insomnia
1,44.78504672897196,9.192523364485982,6.581308411214954,76.8411214953271,4.5327102803738315,124.6822429906542,75.05607476635514,71.94392523364486,9311.616822429907,Female,Retired,Underweight,Insomnia
2,56.28735632183908,7.890804597701149,5.660919540229885,64.37931034482759,6.367816091954023,133.20689655172413,85.35632183908046,75.80459770114942,11759.091954022988,Male,Office Worker,Obese,Insomnia
3,24.435897435897434,8.042307692307691,5.141025641025641,78.83333333333333,4.871794871794871,112.88461538461539,63.243589743589745,68.11538461538461,11319.948717948719,Female,Manual Labor,Underweight,Insomnia
