Cluster,Age,Sleep Duration,Quality of Sleep,Physical Activity Level,Stress Level,Systolic,Diastolic,Heart Rate,Daily Steps,Gender,Occupation,BMI Category,Sleep Disorder
0,39.97191011235955,7.66123595505618,8.01685393258427,63.45505617977528,4.53932584269663,123.35393258426966,80.57865168539325,68.18539325842697,7137.078651685393,Male,Engineer,Normal,Insomnia
1,49.75,6.065625,6.0,90.0,8.0,140.0,95.0,75.0,10000.0,Female,Nurse,Overweight,Sleep Apnea
2,37.833333333333336,6.354901960784314,6.0,40.44117647058823,7.166666666666667,128.42156862745097,83.61764705882354,73.7843137254902,5516.666666666667,Male,Doctor,Overweight,Insomnia
3,51.79032258064516,7.441935483870967,8.129032258064516,61.774193548387096,3.532258064516129,137.79032258064515,92.69354838709677,67.40322580645162,6393.548387096775,Female,Nurse,Overweight,Sleep Apnea
