Cluster,Age,Sleep Duration,Quality of Sleep,Physical Activity Level,Stress Level,Systolic,Diastolic,Heart Rate,Daily Steps,Gender,Occupation,BMI Category,Sleep Disorder
0,53.06666666666667,7.152121212121211,6.670909090909091,68.88484848484849,5.666666666666667,137.04848484848486,90.81818181818181,72.05454545454545,8624.030303030304,Female,Nurse,Overweight,Sleep Apnea
1,38.937106918238996,8.342767295597485,6.30125786163522,65.08176100628931,5.861635220125786,121.19496855345912,71.76100628930817,89.81761006289308,11305.182389937107,Female,Student,Overweight,Insomnia
2,40.107361963190186,7.2757668711656445,7.289263803680982,55.52760736196319,5.319018404907975,124.76073619631902,80.41717791411043,69.03374233128834,6868.791411042945,Male,Doctor,Normal,Insomnia
3,30.120967741935484,8.108064516129032,5.696774193548387,67.0,4.854838709677419,116.12903225806451,66.64516129032258,64.21774193548387,12261.201612903225,Female,Student,Overweight,Insomnia
